step,type,amount,nameOrig,oldbalanceOrg,newbalanceOrig,nameDest,oldbalanceDest,newbalanceDest,isFraud
428,CASH_IN,165172.6,C1531977735,2590140.06,2755312.66,C251591167,221628.29,56455.69,0
158,CASH_IN,235923.86,C1726653191,45858.21,281782.08,C2109710461,406642.37,170718.51,0
36,CASH_OUT,71378.05,C987460374,0,0,C2038887228,734745.59,806123.64,0
8,PAYMENT,3237.48,C662706285,0,0,M1834739651,0,0,0
203,CASH_OUT,77425.18,C336292838,0,0,C2010728617,1783099.45,1860524.63,0
612,CASH_OUT,68402.97,C2080660503,30836,0,C2126944678,0,68402.97,0
178,PAYMENT,8460.8,C1706852057,77718,69257.2,M2114526179,0,0,0
203,CASH_OUT,249873.27,C1096380680,0,0,C1997113882,370895.8,620769.07,0
44,CASH_IN,112437.32,C1884327450,7355184.76,7467622.08,C1474181376,671804.52,559367.2,0
21,CASH_OUT,23292.3,C1861214292,0,0,C1834461593,392364.62,415656.92,1
598,PAYMENT,13583.38,C419054299,20295,6711.62,M170180146,0,0,0
394,CASH_OUT,201247.25,C1380307239,201247.25,0,C1910018633,1296099.23,1497346.48,1
203,TRANSFER,90076.59,C1594040459,0,0,C1474332302,136337.98,226414.56,0
45,PAYMENT,11548.05,C1847727624,0,0,M1864416833,0,0,0
20,CASH_OUT,31072.85,C769698557,100560,69487.15,C1993162562,54767.18,134024.02,0
13,CASH_IN,370213.59,C1726076966,7130310.58,7500524.17,C1244869566,832693.42,462479.83,0
236,PAYMENT,4986.64,C350449781,0,0,M1348214865,0,0,0
303,CASH_IN,111168.42,C127735704,223,111391.42,C1010057708,406145.58,294977.16,0
300,CASH_IN,112943.73,C207853182,19158,132101.73,C655190486,549795.19,436851.46,0
204,TRANSFER,194605.15,C1056958493,179833,0,C1461150638,218530.16,413135.31,0
8,CASH_IN,172865.19,C425393935,6652090.2,6824955.39,C1805683209,6259226.34,7428081.5,0
95,TRANSFER,53062.52,C146522698,53062.52,0,C1122850221,0,0,1
132,CASH_OUT,315231.94,C679060526,50952,0,C1538882286,0,315231.94,0
157,PAYMENT,22774.91,C630326263,0,0,M859235458,0,0,0
15,CASH_IN,53230.73,C938400829,895081.62,948312.35,C360966517,7015146.49,6961915.77,0
132,PAYMENT,22173.62,C666227771,0,0,M151537842,0,0,0
732,CASH_OUT,1157971.07,C1123625591,1157971.07,0,C355172230,2974237.06,4132208.13,1
36,PAYMENT,18047.33,C1579483096,4477.94,0,M249282079,0,0,0
38,TRANSFER,98862.23,C1683642176,0,0,C978751061,2682399.65,2781261.88,0
210,CASH_OUT,101840.36,C141041742,0,0,C579234373,392122.92,493963.27,0
401,CASH_OUT,118863.93,C1523434016,0,0,C695235200,140889.72,259753.65,0
351,TRANSFER,6721321.33,C1914099833,6721321.33,0,C1517275009,0,0,1
134,CASH_OUT,546652.31,C1802920586,0,0,C1476610309,6784523.24,7331175.55,0
324,CASH_OUT,285143.18,C136996167,6460,0,C709802017,87870.7,373013.88,0
278,PAYMENT,3714.61,C66542908,5038,1323.39,M1459510436,0,0,0
578,CASH_OUT,978103.4,C1183549962,978103.4,0,C481798847,0,978103.4,1
158,CASH_OUT,87646.89,C1165878521,0,0,C1768464356,3597931.72,3685578.61,0
474,PAYMENT,2722.61,C868481335,0,0,M716740915,0,0,0
11,TRANSFER,1739911.28,C2090401232,7655,0,C290945720,6826024.09,8565935.38,0
23,TRANSFER,146127.1,C1866778945,146127.1,0,C225469649,0,0,1
259,TRANSFER,558073.69,C1477071345,0,0,C1288964156,783207.52,1341281.21,0
270,TRANSFER,134623.95,C1664606481,134623.95,0,C1000039615,0,0,1
311,PAYMENT,2981.95,C612627216,41003,38021.05,M724525068,0,0,0
304,CASH_IN,153655.97,C66481275,31752,185407.97,C2123790975,0,0,0
276,CASH_OUT,81595.54,C1360761487,20791,0,C2080099779,17605.25,99200.79,0
225,PAYMENT,3202.17,C60034474,732,0,M1128177813,0,0,0
255,CASH_OUT,228489.07,C74933712,0,0,C1817329061,1519317.92,1747806.99,0
309,CASH_OUT,88615.42,C1177818174,11278,0,C141342397,3617.75,92233.16,0
403,CASH_OUT,132552.28,C890674813,0,0,C1938007896,229276.28,361828.56,0
134,CASH_OUT,162648.56,C1446204747,647693.79,485045.23,C672400159,0,162648.56,0
157,PAYMENT,19809.05,C514426934,124243.53,104434.48,M1177632079,0,0,0
14,CASH_OUT,133306.59,C644920390,47601.1,0,C1925852722,473913.98,607220.57,0
45,CASH_IN,132823.81,C621024017,9132442.11,9265265.92,C55938931,2725669.69,2592845.88,0
394,CASH_OUT,106790.47,C673228823,60027,0,C153980968,153215.55,260006.01,0
485,TRANSFER,471906.6,C17156930,471906.6,0,C1931513332,0,0,1
524,CASH_OUT,356224.26,C1424948489,356224.26,0,C414953640,0,356224.26,1
404,CASH_OUT,142004.59,C711806970,3316,0,C464936188,121910.65,263915.24,0
534,CASH_OUT,1390332.39,C1515790640,1390332.39,0,C1288810506,0,1390332.39,1
321,PAYMENT,180.04,C51715786,21007,20826.96,M321244343,0,0,0
17,PAYMENT,9481.91,C709940546,0,0,M2107306221,0,0,0
257,PAYMENT,5130.06,C2035127601,18605.39,13475.33,M297655923,0,0,0
77,TRANSFER,819048.34,C1528612318,819048.34,0,C669563371,0,0,1
500,CASH_OUT,34958.7,C2042987948,81227,46268.3,C1433236989,0,34958.7,0
347,CASH_IN,266999.97,C1187651682,7411271.89,7678271.86,C1593563915,386812.88,119812.91,0
280,CASH_IN,8662.02,C1460661799,131014,139676.02,C844303187,0,0,0
298,CASH_IN,128146.55,C738877956,1603277.07,1731423.62,C1365463591,2182079.87,2053933.32,0
380,PAYMENT,5466.03,C1896561078,0,0,M831854039,0,0,0
186,CASH_OUT,48320.98,C521722708,9027,0,C2134511834,0,48320.98,0
71,TRANSFER,322113.91,C1765119291,322113.91,0,C371379583,0,0,1
22,PAYMENT,12877.22,C1058406915,740280,727402.78,M1685735358,0,0,0
697,CASH_OUT,1226390.31,C1387290846,1226390.31,0,C2032479397,203175.25,1429565.56,1
227,CASH_IN,691694.36,C890998824,741162.4,1432856.76,C1004513120,4897628.17,4205933.81,0
302,CASH_IN,247691.45,C980217286,29845.38,277536.84,C1096241484,603773.04,356081.59,0
185,PAYMENT,38392.21,C1256646535,0,0,M245567415,0,0,0
183,PAYMENT,17899.13,C1034602882,11692,0,M703455353,0,0,0
137,CASH_IN,230630.03,C1873367958,3441454.26,3672084.3,C1637201603,979521.53,748891.49,0
276,CASH_OUT,7832.09,C1262668971,0,0,C615238056,427319.08,435151.17,0
602,CASH_OUT,1976666.45,C286962871,1976666.45,0,C1066958378,0,1976666.45,1
205,CASH_IN,149128.9,C1170058555,19014041.69,19163170.59,C2017584728,5033319.57,4884190.68,0
376,CASH_OUT,173663.28,C1573104468,185,0,C1971947111,7831,181494.29,0
34,CASH_OUT,407386.32,C1548788425,25328,0,C1596062467,842600.2,1249986.52,0
349,CASH_OUT,977805.62,C1659764623,977805.62,0,C711079235,0,977805.62,1
138,CASH_IN,351916.36,C1344953998,8083,359999.36,C517862958,43059.3,0,0
345,TRANSFER,132973.41,C1231621270,132973.41,0,C463737708,0,0,1
274,PAYMENT,884.31,C80308678,1011,126.69,M142290929,0,0,0
281,PAYMENT,21766.78,C1218047828,0,0,M1133823278,0,0,0
282,CASH_IN,17015.05,C1266999585,6299142.45,6316157.5,C626560229,372283.6,355268.55,0
300,CASH_OUT,128158.4,C778558982,0,0,C823705021,264528.04,392686.44,0
397,PAYMENT,42587.32,C75702224,0,0,M1200019600,0,0,0
184,CASH_OUT,95504.16,C351014542,55753,0,C215311903,616691.11,712195.27,0
185,CASH_IN,571289.71,C452382641,4699959.64,5271249.35,C664816184,875173.27,352035.21,0
330,PAYMENT,38749.56,C325517621,6065,0,M1458005166,0,0,0
38,CASH_OUT,230990.44,C482687046,0,0,C1843103642,1532626.25,1945749.16,0
278,CASH_OUT,3167.66,C1593272099,62536,59368.34,C1641185696,0,0,0
398,CASH_OUT,229428.85,C1722971247,0,0,C992110216,1226936.33,1456365.17,0
228,CASH_OUT,440680.07,C928327430,15841,0,C169326476,3743431.87,4184111.94,0
348,CASH_OUT,20694.57,C374964915,0,0,C1403301785,183215.5,203910.07,0
229,CASH_OUT,143332,C159990458,143332,0,C1025108799,482652.15,716367.34,1
179,CASH_OUT,445705.76,C1911704726,445705.76,0,C960848277,0,445705.76,1
130,CASH_IN,27583.85,C8415414,2732340.66,2759924.51,C495422431,174523.19,146939.35,0
323,TRANSFER,985874.92,C1713544188,0,0,C1015415004,5662615.79,6648490.71,0
38,PAYMENT,13119.97,C1502174698,15326,2206.03,M1198426298,0,0,0
349,PAYMENT,9319.01,C1072766295,0,0,M1982816779,0,0,0
279,PAYMENT,14057.22,C609764432,0,0,M347000537,0,0,0
10,CASH_IN,22786.17,C27418457,3288491.36,3311277.54,C1144070975,2501114.96,2364068.61,0
402,CASH_OUT,193881.19,C2006591627,116377,0,C1419102945,0,193881.19,0
209,PAYMENT,3285.57,C1687090817,0,0,M718159710,0,0,0
353,CASH_IN,138938.86,C322084714,167,139105.86,C953494231,0,0,0
727,TRANSFER,276298.49,C2044117692,276298.49,0,C71460104,0,0,1
518,CASH_OUT,108975.27,C485213160,198507,89531.73,C2124514895,0,108975.27,0
308,PAYMENT,9063.08,C2147126359,242587.29,233524.21,M1683497898,0,0,0
15,CASH_IN,218712.67,C1633140448,36559,255271.67,C794873386,3768884.54,3550171.87,0
154,PAYMENT,32564.55,C1687542005,237146.8,204582.24,M1942303779,0,0,0
16,CASH_OUT,456049.9,C619016184,101024,0,C1194834028,176908.45,632958.35,0
285,TRANSFER,1421665.98,C1217403648,1421665.98,0,C483706610,0,0,1
134,CASH_IN,341710.58,C1020676450,50416,392126.58,C225066163,158876.25,0,0
729,TRANSFER,90026.9,C2144761776,90026.9,0,C514777944,0,0,1
45,CASH_OUT,84209.9,C80871212,43793.75,0,C1685866985,864758.42,948968.32,0
184,CASH_OUT,230292.27,C983303136,2083,0,C43874620,112441.92,335241.68,0
261,CASH_OUT,105677.03,C1479566261,0,0,C352206686,2456909.13,2562586.16,0
309,PAYMENT,28479.65,C423204807,11591,0,M1943786496,0,0,0
280,PAYMENT,9334.66,C1009867558,1957.31,0,M1961451993,0,0,0
238,PAYMENT,18057.86,C1744678179,19908.31,1850.45,M148420078,0,0,0
353,CASH_IN,85955.34,C1506410293,157044,242999.34,C836903727,9356940.48,9270985.14,0
39,CASH_OUT,629431.23,C1468764171,214049,0,C1143566273,1163.54,630594.77,0
227,PAYMENT,20916.73,C1575108626,0,0,M94286603,0,0,0
137,CASH_OUT,59964.24,C794633160,0,0,C346197494,244603.07,304567.31,0
188,TRANSFER,166922.22,C803012192,9704,0,C2088146489,0,166922.22,0
306,PAYMENT,16169.12,C1252796356,275925.03,259755.91,M1407596821,0,0,0
210,PAYMENT,2118.63,C884416811,287558.01,285439.38,M2137206032,0,0,0
260,PAYMENT,6291.48,C2124737484,56176,49884.52,M1937809253,0,0,0
323,CASH_OUT,143582.14,C218244847,6907.71,0,C298513858,564236.52,707818.66,0
10,CASH_IN,306069.37,C954200212,30735,336804.37,C877277085,32902,0,0
353,CASH_OUT,238858.49,C296792693,55168,0,C835189033,0,238858.49,0
378,CASH_IN,160816.78,C1830717509,8027878.52,8188695.3,C576425762,909528.68,748711.9,0
626,TRANSFER,44577.32,C2086578644,44577.32,0,C811242646,0,0,1
209,CASH_OUT,1516823.73,C1090892452,1516823.73,0,C657813915,386329.46,1903153.19,1
164,PAYMENT,4017.63,C2092027039,10306,6288.37,M69663429,0,0,0
279,TRANSFER,10000000,C2062481561,30536624.41,20536624.41,C935919630,0,0,1
271,CASH_OUT,642364.74,C790384924,642364.74,0,C348795905,0,642364.74,1
309,CASH_OUT,222694.08,C1931470495,222694.08,0,C1495297398,0,222694.08,1
230,PAYMENT,1188.95,C109846666,0,0,M1994337481,0,0,0
35,CASH_IN,98374.57,C220477568,6734721.93,6833096.5,C1671616840,28156277.4,28057902.84,0
355,CASH_OUT,62040.38,C2026505459,0,0,C1604920106,2211814.58,2273854.97,0
257,PAYMENT,16782.57,C607386546,31313,14530.43,M2037781941,0,0,0
185,PAYMENT,15046.87,C1466187636,0,0,M1719193509,0,0,0
136,CASH_IN,132541.41,C1963979196,2300,134841.41,C921393414,0,0,0
12,CASH_OUT,291182.56,C103483511,11149,0,C4083263,580539.95,871722.51,0
205,CASH_IN,185782.29,C1644762145,9852902.52,10038684.81,C1198166177,415231.38,229449.09,0
328,CASH_OUT,148278.59,C2061974333,0,0,C124679985,559236.84,707515.43,0
279,CASH_OUT,184433.86,C2012763338,94883,0,C1752289820,0,184433.86,0
546,TRANSFER,24773.86,C1068269457,24773.86,0,C746567344,0,0,1
254,TRANSFER,193442.21,C1814557544,0,0,C465286489,1055275.79,1248718,0
371,PAYMENT,65523.58,C1987542208,933,0,M19559947,0,0,0
350,CASH_OUT,255158.56,C1736266276,21577,0,C2057649512,0,255158.56,0
345,PAYMENT,19406.28,C1131402523,190270.6,170864.31,M250666917,0,0,0
397,TRANSFER,704477.84,C428185794,0,0,C521979785,1268527.8,1973005.63,0
306,PAYMENT,15902.84,C527331811,0,0,M177036329,0,0,0
264,TRANSFER,84196.79,C1271945104,84196.79,0,C622968772,0,0,1
279,CASH_OUT,97392.76,C335960309,102194,4801.24,C784004593,0,97392.76,0
661,CASH_OUT,96014.77,C683099124,0,0,C248479470,1088735.94,1184750.71,0
163,CASH_OUT,28545.99,C1631196696,35465.52,6919.53,C1560963262,3777092.46,3805638.45,0
134,CASH_OUT,19389.4,C744147761,9959,0,C40360640,887052.72,906442.11,0
16,PAYMENT,19539.84,C637015951,10445,0,M1028898573,0,0,0
157,PAYMENT,4287.39,C873738093,22841,18553.61,M1787050519,0,0,0
277,PAYMENT,11450.12,C968220575,117892,106441.88,M1248272626,0,0,0
35,CASH_OUT,21391.53,C1009250621,42287,20895.47,C72220099,0,21391.53,0
303,CASH_OUT,211633.16,C556588380,307270.92,95637.75,C1889914876,693794.76,905427.92,0
380,CASH_OUT,139046.77,C224868326,275,0,C1867125212,613514.29,752561.06,0
153,CASH_IN,21310.21,C187211885,20668,41978.21,C2012418809,88082.21,66772,0
495,PAYMENT,10976.29,C1563084786,148427,137450.71,M334788005,0,0,0
232,PAYMENT,4553.12,C2115840189,0,0,M766296397,0,0,0
84,CASH_OUT,4830219.15,C610088962,4830219.15,0,C1925322228,0,4830219.15,1
236,CASH_OUT,142536.22,C316791864,0,0,C1842265107,160412.16,302948.38,0
159,PAYMENT,595.67,C1263064209,0,0,M538439346,0,0,0
129,CASH_IN,138507,C759624030,5523,144030,C565550254,786575.37,648068.37,0
132,PAYMENT,14330.33,C429956476,33848.77,19518.44,M1398643952,0,0,0
158,PAYMENT,9021,C1741201742,105202,96181,M717104782,0,0,0
237,PAYMENT,6726.78,C1900199558,0,0,M150021097,0,0,0
237,CASH_OUT,141096.85,C21544738,39842,0,C2068223545,21213,162309.85,0
594,CASH_IN,355077.74,C1007415518,0,355077.74,C686904438,3149408.32,2794330.58,0
372,CASH_IN,27853.7,C1572032278,1997374.83,2025228.53,C1992278831,174577.09,146723.39,0
210,CASH_OUT,315238.19,C2105895101,11054,0,C1165441509,514899.77,830137.96,0
357,CASH_IN,191353.18,C276044135,4521524.76,4712877.93,C1806825688,593960.23,402607.06,0
306,CASH_OUT,110673.28,C1114132242,9627.15,0,C165766906,8849843.03,8960516.31,0
593,CASH_OUT,125146.75,C1198861647,125146.75,0,C490114096,1820417.69,1945564.44,1
379,CASH_OUT,118961.3,C1820166304,0,0,C1775809491,1506057.47,1625018.77,0
254,CASH_IN,370220.37,C1428268466,20071,390291.37,C1793851024,89778.12,0,0
234,TRANSFER,392139.55,C1811079479,17744,0,C1485891989,176647.39,568786.95,0
379,PAYMENT,21547.12,C1630139993,18214.81,0,M1178303064,0,0,0
277,PAYMENT,10692.69,C1307314716,49964,39271.31,M1655490110,0,0,0
380,CASH_OUT,178864.47,C951665065,0,0,C432208827,8229734.17,8408598.65,0
403,CASH_OUT,88777.62,C1742235541,179,0,C1896221738,2192157.68,2280935.31,0
656,CASH_OUT,46291.81,C68542606,46291.81,0,C1411993803,799108.3,845400.11,1
274,CASH_OUT,417787.06,C1653173465,36702,0,C339666788,0,417787.06,0
186,CASH_OUT,70790.59,C356198335,0,0,C75474253,2379601.45,2450392.04,0
130,CASH_OUT,251510.3,C1423407775,31041,0,C904084530,0,251510.3,0
396,TRANSFER,353783.72,C234084293,0,0,C1474695154,1639764.23,1993547.95,0
354,PAYMENT,786.44,C1131321836,181051.85,180265.41,M1772307407,0,0,0
652,TRANSFER,2911505.23,C1683729969,2911505.23,0,C557033420,0,0,1
30,TRANSFER,236947.25,C1273047168,236947.25,0,C1636242484,0,0,1
400,CASH_OUT,423485.76,C1704926667,49659,0,C1617186730,0,423485.76,0
352,CASH_IN,124545.18,C680966309,204,124749.18,C1635530763,2545493.71,2420948.53,0
158,CASH_OUT,216803.7,C2068361010,31471,0,C115347060,735043.84,951847.53,0
374,CASH_OUT,252475.02,C1632410196,11826.23,0,C1139691907,658491.56,910966.58,0
284,CASH_IN,169113.53,C93484004,1399225.5,1568339.03,C1451456996,871831.61,702718.08,0
494,CASH_OUT,103909.1,C488038887,103909.1,0,C862778283,0,103909.1,1
187,CASH_IN,116493.48,C866821648,49511,166004.48,C128416657,441752.21,222399.99,0
550,CASH_OUT,77380.14,C729461584,0,0,C575662398,97492.46,174872.6,0
397,CASH_OUT,398490.64,C194986493,0,0,C1676915935,7207314.42,7605805.06,0
488,TRANSFER,5363795.31,C46940943,5363795.31,0,C1142866922,0,0,1
352,TRANSFER,1962548.46,C139606427,1962548.46,0,C2082743623,0,0,1
157,CASH_IN,201776.71,C1428652097,356311,558087.71,C627203100,171376.03,0,0
259,CASH_OUT,76276.87,C622628894,72,0,C389084886,2907461.92,2983738.78,0
163,CASH_IN,271938.55,C984523540,20067798.76,20339737.31,C1815545543,1378449.58,1106511.03,0
230,CASH_IN,77544.27,C1386504158,680274.4,757818.67,C934058959,715136.74,637592.47,0
138,CASH_OUT,250567.63,C2075770459,0,0,C859009954,675552.33,926119.97,0
273,CASH_OUT,65516.41,C1299833458,115018,49501.59,C1817619626,0,65516.41,0
301,CASH_IN,78437.54,C1306038060,299064,377501.54,C87192171,2776960.22,2698522.68,0
154,CASH_IN,266960.48,C1000674484,7943996.13,8210956.61,C1686767631,647226.65,412258.89,0
258,PAYMENT,13195.74,C704340091,0,0,M1988008393,0,0,0
589,CASH_OUT,51829.2,C1007372776,3236,0,C66455994,185438.41,237267.61,0
404,PAYMENT,9093.96,C329706518,0,0,M119258839,0,0,0
63,TRANSFER,148188.84,C1621152719,148188.84,0,C2001263601,0,0,1
514,TRANSFER,1586799.21,C1980807641,1614,0,C1372786626,278047.18,1864846.39,0
324,TRANSFER,21580.37,C765450059,21580.37,0,C125935569,0,0,1
323,CASH_IN,312850.64,C1205642418,30496,343346.64,C1595965288,0,0,0
327,CASH_IN,499380.8,C1185547992,1434413.45,1933794.24,C1547202245,626865.52,127484.73,0
225,PAYMENT,3958.2,C954271625,0,0,M1167311912,0,0,0
204,CASH_IN,330688.35,C5125882,1076294.1,1406982.45,C1798276972,1213810.2,883121.85,0
179,PAYMENT,301.03,C626936838,319073.96,318772.94,M1372563019,0,0,0
133,PAYMENT,47847.53,C1709595729,0,0,M1541792263,0,0,0
476,PAYMENT,8988.85,C27243120,7833,0,M717013071,0,0,0
469,PAYMENT,10564.56,C1697183637,0,0,M243577595,0,0,0
689,CASH_OUT,2163012.63,C1593930308,2163012.63,0,C1515597867,0,2163012.63,1
490,CASH_OUT,1927403.83,C630013429,1927403.83,0,C1658435128,0,1927403.83,1
10,CASH_OUT,377275.45,C1777517449,0,0,C510508465,2072427.97,2266894.08,0
281,CASH_OUT,149436.87,C1667667445,128102,0,C902481712,226169.97,375606.84,0
79,CASH_OUT,61178.51,C216625470,61178.51,0,C1897901588,238787.35,299965.86,1
129,CASH_OUT,122967.11,C1733207981,0,0,C988279892,315922.83,438889.94,0
668,CASH_OUT,1576531.53,C2000069930,1576531.53,0,C1345448010,0,1576531.53,1
354,CASH_IN,253129.93,C2017736577,1328499.49,1581629.42,C407484102,2713220.48,2460090.55,0
229,PAYMENT,20853.31,C358070670,3076,0,M1005687041,0,0,0
165,PAYMENT,14379.66,C895428642,245,0,M359924620,0,0,0
380,CASH_OUT,245481.3,C1390459460,0,0,C767064170,699504.78,944986.08,0
670,TRANSFER,1938347.14,C574846060,1938347.14,0,C1073035418,0,0,1
279,CASH_OUT,279993.03,C1558234184,0,0,C1833231741,976646.65,1256639.68,0
156,CASH_OUT,805319.81,C1597187760,805319.81,0,C1975329762,0,805319.81,1
527,CASH_OUT,1094419.89,C171594186,1094419.89,0,C31581400,6352690.24,7447110.13,1
202,PAYMENT,12819.63,C1792324708,0,0,M1207431887,0,0,0
71,TRANSFER,304085.48,C378617827,304085.48,0,C1265131322,0,0,1
399,PAYMENT,25985.68,C1726087522,16500,0,M953714822,0,0,0
209,PAYMENT,14840.3,C1721830331,0,0,M9973054,0,0,0
209,PAYMENT,16351.33,C2002311662,0,0,M1586760087,0,0,0
187,PAYMENT,3393.07,C1446504054,0,0,M16282130,0,0,0
301,CASH_OUT,133027.88,C1021100132,27144,0,C1134760074,220791.5,353819.38,0
8,CASH_OUT,35025.56,C1821409160,0,0,C1323741703,106238.48,1966850.36,0
132,CASH_IN,232638.59,C346678009,181,232819.59,C423248942,0,0,0
303,TRANSFER,1421383.57,C23423526,0,0,C1394249380,5252728.4,6674111.97,0
501,CASH_OUT,73328.47,C486475029,73328.47,0,C710448547,121670.8,194999.27,1
161,CASH_OUT,319646.11,C1121402112,0,0,C387517585,4418512.97,4738159.08,0
41,PAYMENT,15897.57,C1451191301,38430,22532.43,M1344689686,0,0,0
439,TRANSFER,3653274.35,C1750635867,3653274.35,0,C175456218,0,0,1
352,CASH_OUT,84782.1,C585202294,105294,20511.9,C610837419,325520.54,410302.64,0
119,CASH_OUT,148070.97,C1672177335,2002,0,C2121831742,2515489.7,2663560.67,0
43,PAYMENT,3821.64,C551550619,153114.07,149292.42,M1374221238,0,0,0
334,PAYMENT,13834.8,C1408153097,21283,7448.2,M1669661652,0,0,0
236,CASH_OUT,6380.8,C622064753,53642,47261.2,C853359906,560372.09,566752.89,0
371,PAYMENT,18436.47,C829577062,20257,1820.53,M375131566,0,0,0
181,CASH_IN,238453.09,C903444213,4022912.78,4261365.87,C805432566,3319125.16,3080672.07,0
33,PAYMENT,349.91,C1729381947,102155,101805.09,M651139778,0,0,0
163,CASH_OUT,163294.35,C1921431894,163294.35,0,C1280060028,234212.42,397506.77,1
371,PAYMENT,12668.14,C1316796981,11160,0,M480305643,0,0,0
258,PAYMENT,17457.41,C376068989,0,0,M1117701647,0,0,0
164,CASH_OUT,274808.04,C923811656,0,0,C309065968,2584820.79,3960902.05,0
536,CASH_OUT,285382.07,C2026773227,285382.07,0,C1098688796,0,285382.07,1
703,CASH_OUT,337287.72,C976181773,337287.72,0,C497482843,32681.26,369968.98,1
279,PAYMENT,1420.82,C727673296,5107,3686.19,M589661424,0,0,0
202,CASH_OUT,2263927.04,C94525444,2263927.04,0,C1450888906,0,2263927.04,1
39,CASH_OUT,2730.91,C1487535896,42733,40002.09,C770001516,1806922.67,1809653.57,0
17,PAYMENT,17339.53,C1801118794,100889,83549.47,M1266509073,0,0,0
545,PAYMENT,2927.48,C1366607792,0,0,M806693770,0,0,0
281,PAYMENT,2904.77,C1428760355,2041,0,M593951546,0,0,0
382,PAYMENT,19578.16,C1212058932,5091,0,M1939241887,0,0,0
252,CASH_OUT,195227.91,C835571957,0,0,C208019830,1256726,1451953.91,0
202,PAYMENT,23431.96,C51691923,31183,7751.04,M1770902743,0,0,0
45,PAYMENT,6473.04,C502803758,41299.72,34826.68,M2030721506,0,0,0
187,CASH_IN,224391.54,C1261746831,1270931.64,1495323.18,C1708918417,357207.67,132816.13,0
393,PAYMENT,17968.47,C1474318735,0,0,M77801499,0,0,0
285,PAYMENT,6987.5,C1626814895,0,0,M1104810197,0,0,0
163,CASH_IN,127063.94,C1638129006,10653,137716.94,C1822630605,1218509.16,1091445.23,0
686,CASH_OUT,250001.55,C424706316,65409,0,C1877261580,2197323.77,2447325.32,0
327,CASH_IN,145514.28,C2105616632,572,146086.28,C1294314636,0,0,0
18,CASH_IN,68665.93,C2126971661,8171033.95,8239699.88,C627509762,812274.7,743608.77,0
259,PAYMENT,18397.48,C66083516,0,0,M1874092314,0,0,0
17,CASH_OUT,211226.92,C395615978,40635,0,C677216061,0,211226.92,0
190,CASH_IN,100267.38,C1766136002,5611,105878.38,C1945915435,854336.07,754068.7,0
323,CASH_IN,114626.33,C1904615049,6026,120652.33,C812877271,0,0,0
164,TRANSFER,177680.54,C485323920,177680.54,0,C1780714769,0,0,1
129,TRANSFER,139210.23,C922917235,139210.23,0,C1075980653,0,0,1
251,PAYMENT,25764.72,C258564426,154263,128498.28,M422789806,0,0,0
377,CASH_IN,98975.8,C335057876,3825123.06,3924098.85,C1278722780,160840.74,61864.94,0
47,CASH_OUT,238805.3,C1840368517,0,0,C1965847730,263026.76,501832.06,0
306,CASH_IN,152123.98,C807640787,15295473.64,15447597.61,C1831256584,235400.03,83276.05,0
226,CASH_OUT,355061.79,C1678673198,0,0,C1392646379,11387334.06,11742395.85,0
37,PAYMENT,52581.29,C640927493,9389,0,M138736111,0,0,0
326,CASH_IN,251952.25,C1343048011,8240,260192.25,C1986647970,1085036.02,833083.76,0
403,CASH_OUT,102450.39,C748895238,33190,0,C1888274124,0,102450.39,0
396,CASH_OUT,71685.23,C1556613698,725,0,C1558029948,1455132.78,1526818,0
250,CASH_IN,407359.73,C355346941,1692102.35,2099462.08,C820917061,1529631.96,1122272.22,0
404,CASH_IN,129349.78,C1791606570,1412490.26,1541840.04,C1580003717,3218832.15,3089482.37,0
215,PAYMENT,3536.98,C1382192414,2241.22,0,M1913523238,0,0,0
96,CASH_IN,76455.68,C8532366,5209018.01,5285473.69,C912290293,4182421.68,4105965.99,0
525,CASH_OUT,443719.49,C549973633,0,0,C295089620,3293159.93,3736879.41,0
308,CASH_OUT,151663.59,C1922377125,147,0,C1765365986,0,151663.59,0
404,PAYMENT,1002.99,C1796020538,12118,11115.01,M1752870897,0,0,0
396,CASH_OUT,57701.37,C1233144530,276,0,C646742480,0,57701.37,0
18,CASH_OUT,19358.73,C1170457575,0,0,C1422727866,537629.53,556988.26,0
226,CASH_OUT,132151.77,C2041609065,0,0,C811013211,236626,0,0
38,CASH_OUT,39108.07,C1229108245,0,0,C986189638,2484800.84,2523908.91,0
520,TRANSFER,3283695.97,C649961237,3283695.97,0,C1812152397,0,0,1
137,CASH_OUT,1265379.37,C795574446,1265379.37,0,C1744617229,0,1265379.37,1
48,PAYMENT,9554.61,C1363564844,0,0,M554123216,0,0,0
154,CASH_IN,207366.5,C958390765,4067443.89,4274810.39,C1336584430,587967.17,713766.93,0
188,PAYMENT,8213.9,C2118630689,349243.38,341029.48,M135585477,0,0,0
16,CASH_OUT,13382.68,C1036520392,0,0,C1944693763,473907.47,604567.47,0
349,CASH_IN,35086.5,C1273560176,4395781.93,4430868.43,C1860944563,292022.69,256936.19,0
404,PAYMENT,3752.41,C1711353344,10166,6413.59,M244767275,0,0,0
301,PAYMENT,8978.64,C1861908874,250417,241438.36,M1872633409,0,0,0
436,TRANSFER,539658.73,C1496866222,539658.73,0,C2010123268,0,0,1
179,CASH_OUT,100193.79,C531780947,0,0,C1207684452,332839.91,433033.7,0
257,CASH_OUT,14554.54,C1387236985,0,0,C975910370,1393557.3,1152887.32,0
183,CASH_OUT,464866.46,C145449611,32575,0,C258972837,0,464866.46,0
383,PAYMENT,9733.56,C1129310007,15315,5581.44,M1467327178,0,0,0
615,TRANSFER,56510.5,C956959892,56510.5,0,C582952352,0,0,1
37,CASH_OUT,112562.54,C1407934575,30133,0,C1243859034,0,0,0
325,PAYMENT,8003.24,C2013631271,0,0,M1394414678,0,0,0
37,CASH_IN,624723.54,C48767001,82815,707538.54,C1708458655,221351.15,0,0
324,PAYMENT,14057.64,C364370773,0,0,M1161233096,0,0,0
249,CASH_OUT,133262.43,C27760409,0,0,C1391986725,744444.35,877706.78,0
449,TRANSFER,231894.75,C978611121,25644,0,C1265325259,202654.11,434548.86,0
187,CASH_IN,66603.69,C479278956,11575368.71,11641972.4,C573097287,2303154.41,2236550.72,0
419,TRANSFER,533092.45,C1329946363,533092.45,0,C641771382,0,0,1
285,CASH_OUT,752639.78,C1541138179,752639.78,0,C810413951,290612.69,1043252.47,1
381,CASH_IN,35661.78,C1110455571,440,36101.78,C1071848863,3339.11,0,0
162,PAYMENT,2607.6,C1423098298,21639,19031.4,M1743262986,0,0,0
528,PAYMENT,30939.15,C1131781580,45410.95,14471.81,M1676193258,0,0,0
227,CASH_OUT,33954.59,C154039,0,0,C962645545,913194.22,947148.81,0
676,CASH_OUT,327773.15,C1561550785,327773.15,0,C1078506798,696949.46,1024722.61,1
18,CASH_IN,199775.3,C719361731,1702112.71,1901888.01,C1845441367,771846.75,572071.45,0
558,CASH_OUT,209829.57,C982640738,209829.57,0,C982569135,0,209829.57,1
9,CASH_OUT,406693.65,C1495450640,0,0,C1568538856,496364.06,984424.07,0
43,PAYMENT,13460.49,C1612729972,21592,8131.51,M1051252256,0,0,0
247,CASH_OUT,76646.05,C1873858924,76646.05,0,C587506100,0,76646.05,1
307,PAYMENT,785.1,C947691774,193137.28,192352.18,M751182210,0,0,0
185,CASH_OUT,131597.73,C1484249686,131597.73,0,C437393063,0,0,1
520,PAYMENT,29577.2,C660096183,153200,123622.8,M1626168174,0,0,0
203,PAYMENT,8321.61,C1052744794,19643,11321.39,M856534679,0,0,0
14,CASH_IN,281978.35,C636995181,9947,291925.35,C1238735674,737,230390.92,0
135,CASH_OUT,7927.06,C2071408487,7927.06,0,C1313763244,0,7927.06,1
130,CASH_IN,193327.4,C1825029150,8163932.05,8357259.46,C884175856,198540.64,5213.23,0
215,PAYMENT,3432.88,C1158134312,0,0,M1436471011,0,0,0
119,CASH_OUT,1082718.08,C1700746062,1082718.08,0,C2094758732,0,1082718.08,1
351,TRANSFER,888887.16,C348233249,0,0,C2030416267,1691575.02,2580462.19,0
86,TRANSFER,88649.1,C1043173812,88649.1,0,C1425524479,0,0,1
385,CASH_OUT,620512.76,C2009642313,620512.76,0,C826590621,0,620512.76,1
233,CASH_IN,220408.49,C1618153846,1945761.4,2166169.9,C661521303,828106.27,531343.34,0
686,TRANSFER,1637875.33,C1652871533,1637875.33,0,C624254500,0,0,1
379,CASH_IN,113025.04,C2086171951,898054.15,1011079.18,C1592030215,1221272.8,1108247.77,0
300,TRANSFER,719139.52,C855487371,0,0,C328471715,741777.71,1460917.23,0
621,TRANSFER,3582885.46,C541955381,3582885.46,0,C212885805,0,0,1
594,CASH_OUT,67336.2,C972995743,11630,0,C569338068,316016.79,383352.99,0
122,TRANSFER,188249.17,C2026720299,188249.17,0,C669965600,0,0,1
514,CASH_OUT,3551771.18,C724176081,3551771.18,0,C1715461224,208369.87,3760141.06,1
226,CASH_OUT,29174.8,C526626217,29174.8,0,C477310004,4093.57,33268.36,1
228,PAYMENT,6021.36,C503724501,127546.94,121525.58,M676452752,0,0,0
161,CASH_OUT,134528.85,C1291847618,0,0,C678909421,271816.43,406345.27,0
198,TRANSFER,2634032.61,C742596177,2634032.61,0,C1639263930,0,0,1
203,CASH_OUT,80747.29,C536500956,0,0,C2111326031,7299783.54,7380530.83,0
164,CASH_IN,100700.36,C1149798610,0,100700.36,C753959109,3201003.56,3100303.2,0
121,PAYMENT,5521.12,C701154420,51674,46152.88,M1435299851,0,0,0
456,CASH_OUT,760984.58,C2076996831,760984.58,0,C1951439287,1550675.96,2311660.54,1
278,PAYMENT,6387.09,C1904686700,38372.17,31985.08,M1847855542,0,0,0
310,CASH_OUT,97315.53,C1589660978,154925,57609.47,C329019865,34596.08,131911.61,0
503,PAYMENT,9608.56,C399176677,26809,17200.44,M883036381,0,0,0
325,CASH_IN,455966.37,C2020830603,4518,460484.37,C604635336,0,0,0
228,TRANSFER,451718.08,C714913429,11778,0,C1393088405,49393.6,501111.68,0
723,CASH_OUT,6199009,C935658927,6199009,0,C1938522935,938804.47,7137813.47,1
211,CASH_IN,131536.37,C149735283,5365729.95,5497266.32,C855106487,280235,148698.63,0
182,PAYMENT,4420.59,C1039854846,0,0,M1014833215,0,0,0
9,CASH_OUT,1154353.99,C1034219836,1154353.99,0,C1195589213,162222,1965587.6,1
183,CASH_OUT,5566.14,C1626151381,5566.14,0,C567898668,0,5566.14,1
287,PAYMENT,11921.54,C696266580,694112.79,682191.25,M743821749,0,0,0
145,TRANSFER,1767886.02,C1544286887,1767886.02,0,C436837170,0,0,1
235,CASH_OUT,32562.89,C1428411784,0,0,C1679264115,314078.36,346641.25,0
652,CASH_OUT,80397.86,C1111928189,80397.86,0,C909134894,410068.69,490466.54,1
17,CASH_OUT,462668.1,C1222385491,0,0,C453211571,11899495.58,12362163.68,0
18,CASH_OUT,34749.34,C283919359,56772,22022.66,C783408770,0,34749.34,0
234,CASH_IN,382871.11,C680903113,7004569.49,7387440.6,C1653555821,875031.8,492160.69,0
280,CASH_IN,176845.67,C1021435381,1133272.43,1310118.1,C1373970969,7002943.99,6826098.32,0
436,TRANSFER,842554.02,C2022831297,842554.02,0,C676778137,0,0,1
375,CASH_IN,67147.7,C559212856,1330147.22,1397294.92,C310164481,124128.2,56980.49,0
203,CASH_OUT,132043.51,C428823553,0,0,C1550704330,2711094.9,2704640.12,0
188,CASH_IN,210219.54,C1442207392,2908442.89,3118662.43,C759278052,641613.97,431394.43,0
357,CASH_OUT,231676.33,C1095112501,0,0,C1055102556,3637788.68,3869465,0
327,PAYMENT,11404.46,C1593018901,18012,6607.54,M1132947378,0,0,0
161,CASH_OUT,135887.91,C2135024951,10058,0,C1828358848,289857.93,425745.84,0
234,PAYMENT,25106.06,C1226399379,0,0,M248903664,0,0,0
732,TRANSFER,417129.11,C661000203,417129.11,0,C1308507305,0,0,1
305,CASH_OUT,108722.4,C1894234774,7101,0,C289479177,3671.88,112394.28,0
329,CASH_OUT,232585.8,C1655164578,165562,0,C1851618879,2026650.21,2259236.01,0
130,TRANSFER,321712.19,C1390462767,0,0,C874144172,4789031.02,5110743.21,0
211,TRANSFER,479832.09,C603326935,0,0,C45445256,1421866.94,1901699.03,0
661,CASH_OUT,386838.1,C386635198,0,0,C623503358,4301043.7,4687881.8,0
34,CASH_IN,12852.2,C347328249,6490114.07,6502966.27,C2055421863,271434.02,267302.44,0
136,PAYMENT,10359.13,C822474904,421043,410683.87,M1224695750,0,0,0
139,CASH_OUT,167869.5,C841478345,48165,0,C855615468,2989173.5,3157043,0
281,CASH_OUT,95449.79,C1994295670,303510,208060.21,C1009064335,442756.28,538206.08,0
331,DEBIT,2919.72,C395584465,10785,7865.28,C64097525,106272.31,109192.03,0
19,TRANSFER,500698.98,C966800981,316628,0,C133879537,19859,0,0
737,CASH_OUT,167606.49,C696026207,167606.49,0,C1386785907,2315864.75,2483471.24,1
303,CASH_OUT,95076.14,C1152242638,206034.17,110958.03,C1584684478,561801.48,656877.63,0
161,CASH_OUT,533315.62,C2127290182,0,0,C1520555969,1514949.19,2541728.38,0
356,CASH_OUT,369672.98,C945029298,0,0,C933066669,2783044.96,3152717.93,0
252,PAYMENT,14842.26,C1091035709,32048.45,17206.19,M1219660595,0,0,0
400,TRANSFER,1604990.9,C348597707,0,0,C165753282,3017624,4622614.9,0
65,CASH_OUT,701168.78,C1795901064,701168.78,0,C1652576276,841462.58,1542631.35,1
381,TRANSFER,703882.14,C1086283812,703882.14,0,C575658952,0,0,1
252,PAYMENT,7947.18,C557993821,0,0,M1393515392,0,0,0
308,PAYMENT,32728.65,C637957920,27874,0,M1862272241,0,0,0
36,TRANSFER,555624.58,C1618863822,147,0,C1293851519,164.23,693416.92,0
540,PAYMENT,12665.89,C721463239,0,0,M74458893,0,0,0
328,PAYMENT,11361.68,C1611197519,51542,40180.32,M1975523642,0,0,0
279,PAYMENT,3858.9,C1643410812,205800.28,201941.38,M1113193172,0,0,0
522,CASH_OUT,144743.02,C1288473590,6017,0,C832812081,644477.61,789220.62,0
241,CASH_OUT,657417.64,C1843566745,657417.64,0,C742045843,0,657417.64,1
43,TRANSFER,93459.89,C1518273469,93459.89,0,C1076725693,0,0,1
404,PAYMENT,26276.22,C688768491,227103.52,200827.3,M1795311891,0,0,0
227,CASH_OUT,148411.33,C1772400564,109543,0,C633732161,743980.32,892391.65,0
256,PAYMENT,2417.77,C2040299426,59106,56688.23,M801229895,0,0,0
449,CASH_OUT,219979.57,C586477634,50068,0,C1628505644,48281.99,268261.56,0
20,PAYMENT,4466.85,C606523389,1722.1,0,M552931253,0,0,0
380,CASH_OUT,150687.13,C512814353,10665,0,C313817405,37101.84,187788.96,0
36,CASH_IN,3464.31,C799978076,5668584.64,5672048.95,C1128735639,12927.65,386167.99,0
592,PAYMENT,2855.88,C1283170944,58594,55738.12,M952035449,0,0,0
186,PAYMENT,3806.46,C1887033296,10316.83,6510.38,M928050452,0,0,0
302,CASH_OUT,87925.25,C1030680003,50061,0,C435365761,3641002.11,3728927.36,0
460,CASH_OUT,58058.98,C625520344,58058.98,0,C1699367271,822974.58,881033.56,1
308,PAYMENT,24548.01,C1308676481,446,0,M224684643,0,0,0
210,CASH_IN,111584.6,C1685388443,3465722.02,3577306.62,C275108098,2584843.56,2473258.96,0
250,CASH_OUT,114975.92,C1134853676,81707,0,C1292288586,0,114975.92,0
299,CASH_OUT,548389.01,C139981473,59377,0,C2007291974,1885188.6,2433577.61,0
33,PAYMENT,11290.06,C1154661403,36051,24760.94,M1242381686,0,0,0
614,TRANSFER,4212682.84,C359671277,4212682.84,0,C1265391231,0,0,1
180,PAYMENT,12667.7,C1245729476,374871.91,362204.22,M632027364,0,0,0
399,CASH_OUT,429320.47,C1152775611,0,0,C2110157840,10976962.34,11406282.82,0
135,CASH_IN,33348.68,C1039714450,8671928.84,8705277.51,C779475713,62361.66,29012.99,0
154,CASH_IN,17669.99,C1915426633,5600,23269.99,C83954503,0,0,0
154,CASH_IN,418737.13,C484812858,2817457.18,3236194.31,C2069269386,2459896.18,2041159.05,0
228,PAYMENT,85848.84,C1245211602,10736,0,M1786154890,0,0,0
532,TRANSFER,254719.63,C1828919793,254719.63,0,C1458046968,0,0,1
542,CASH_OUT,7469051.14,C1841900359,7469051.14,0,C1129100193,94820.42,7563871.56,1
215,CASH_IN,117211.25,C1962372193,20399,137610.25,C1138976639,0,0,0
94,PAYMENT,16277.14,C1134156005,3161,0,M1245062351,0,0,0
309,CASH_OUT,144375.1,C1958601185,0,0,C1023969368,520757.02,665132.12,0
365,TRANSFER,93581.19,C948820574,93581.19,0,C1013301931,0,0,1
261,TRANSFER,2689633.8,C1607707310,2689633.8,0,C1422177291,0,0,1
236,PAYMENT,7545.25,C22437086,21532,13986.75,M1050573533,0,0,0
376,CASH_OUT,200268.44,C1367284336,20640,0,C1336811764,477756.06,678024.5,0
137,CASH_OUT,13546.09,C799359975,0,0,C1461666566,114223.18,127769.28,0
178,PAYMENT,3074.2,C1524177,41519,38444.8,M1254577822,0,0,0
187,CASH_OUT,856386.66,C1887925622,856386.66,0,C128909445,256445.98,1112832.65,1
260,CASH_IN,169345.3,C819478703,5195862.62,5365207.92,C287860840,250681.2,81335.9,0
263,CASH_OUT,273408.94,C243815922,273408.94,0,C227208955,0,273408.94,1
309,PAYMENT,2748.6,C1131453099,0,0,M1404110191,0,0,0
304,PAYMENT,24469.32,C47930494,10477.29,0,M713722509,0,0,0
301,PAYMENT,6776.8,C891462760,0,0,M1154751202,0,0,0
282,TRANSFER,3508618.72,C2064044832,0,0,C776749939,7419504.19,10928122.91,0
321,CASH_IN,415566.51,C187267123,11850,427416.51,C1824602300,9511.67,0,0
154,CASH_IN,363626.22,C6496251,4310395,4674021.23,C1189179252,3996984.58,3633358.35,0
331,CASH_IN,133628.83,C776739325,32166,165794.83,C1042358213,4595.15,0,0
698,CASH_OUT,131842.85,C494904696,131842.85,0,C1742037913,3479.07,135321.92,1
265,CASH_OUT,5721871.91,C533511520,5721871.91,0,C226077337,146633.42,5868505.33,1
379,CASH_OUT,7622.01,C1064348677,4829,0,C1023560928,448988.2,901763.84,0
279,PAYMENT,2704.36,C1651237467,278488.58,275784.22,M1014667685,0,0,0
737,TRANSFER,946705.53,C1524194171,946705.53,0,C357888969,0,0,1
656,TRANSFER,110528.53,C307234825,110528.53,0,C949239257,0,0,1
133,CASH_OUT,62351.34,C1078209136,75280,12928.66,C591953123,517241,674805.07,0
249,CASH_OUT,3138.25,C550487166,3138.25,0,C156487696,249297.18,252435.43,1
229,PAYMENT,8200.25,C1542922367,11440,3239.75,M493987112,0,0,0
378,CASH_IN,85946.41,C774557894,71440,157386.41,C1490704658,321183.42,235237.01,0
348,CASH_OUT,3476.01,C1468272324,40586,37109.99,C593320282,73765.4,77241.4,0
260,PAYMENT,3361.14,C1510799617,0,0,M852248396,0,0,0
629,CASH_OUT,7922.98,C1629313873,7922.98,0,C215301926,0,7922.98,1
229,CASH_OUT,508328.07,C1975374552,0,0,C1417835621,1127221.4,1635549.47,0
470,TRANSFER,864994.24,C504859386,864994.24,0,C1412133328,0,0,1
282,CASH_OUT,100969.53,C1568924384,745206.68,644237.16,C1010279436,1120287.73,1221257.26,0
226,CASH_OUT,394788.96,C529683703,46109,0,C1995685086,878562.21,1273351.17,0
9,PAYMENT,9766.58,C95439313,497185.15,487418.56,M1413136076,0,0,0
357,CASH_OUT,9759.6,C1176168205,0,0,C335539848,1418853.3,1428612.9,0
351,CASH_OUT,210077.58,C649046785,913,0,C1998499292,170089.44,380167.01,0
222,CASH_OUT,35759.12,C2078657417,35759.12,0,C242153254,528553.38,564312.49,1
181,TRANSFER,132195.25,C1701934694,0,0,C1598555599,388634.6,520829.86,0
230,CASH_OUT,63358.49,C358483234,254149,190790.51,C756040445,3160104.32,3223462.81,0
235,PAYMENT,362.25,C1090720587,0,0,M1727655984,0,0,0
408,PAYMENT,3445.75,C363240405,30123,26677.25,M1597987199,0,0,0
370,CASH_OUT,249781.41,C930332477,0,0,C18849508,2326294.43,2576075.84,0
132,PAYMENT,32068.6,C2034265661,524466.65,492398.05,M1984743975,0,0,0
596,PAYMENT,19493.43,C1699499962,315382.81,295889.38,M677093902,0,0,0
138,CASH_OUT,105786.88,C1167278953,0,0,C1877851136,637338.62,743125.5,0
372,PAYMENT,14167.99,C623983825,0,0,M767560827,0,0,0
301,CASH_OUT,476298.8,C462014500,0,0,C1916335772,2010463.39,2486762.19,0
165,PAYMENT,20020.61,C197380205,141116.61,121096.01,M505397400,0,0,0
231,TRANSFER,273821.76,C121294173,273821.76,0,C815544341,0,0,1
328,CASH_OUT,49939.64,C1436202324,262,0,C2121672304,74139.08,124078.72,0
140,PAYMENT,1689.38,C1224435916,124845,123155.62,M453864799,0,0,0
356,PAYMENT,834.62,C1784154332,20508,19673.38,M1710537774,0,0,0
252,TRANSFER,76200.04,C376760344,76200.04,0,C1713255424,0,0,1
281,TRANSFER,233891.03,C105850564,10674,0,C903418692,33750.81,267641.84,0
152,TRANSFER,102945.99,C488688199,102945.99,0,C1626596200,0,0,1
426,PAYMENT,4341.45,C1375932100,0,0,M655602001,0,0,0
40,CASH_IN,315332.63,C431432211,18976936.18,19292268.81,C988710621,471967.29,156634.66,0
33,CASH_OUT,340255.79,C1405076522,181795.06,0,C1106170428,490950.65,831206.44,0
670,CASH_OUT,74103.27,C1515750181,259671.74,185568.47,C2013169541,257370.23,331473.5,0
300,PAYMENT,23576.28,C473125802,677285.96,653709.69,M1401192261,0,0,0
186,PAYMENT,27246.51,C488415823,1081,0,M140434064,0,0,0
203,CASH_OUT,243833.47,C1874375679,20395,0,C229109300,1527124.12,1453814.91,0
355,PAYMENT,1716.05,C913764937,5769.17,4053.13,M1387429131,0,0,0
226,CASH_OUT,73230.68,C830500142,15318,0,C898900309,0,73230.68,0
509,CASH_OUT,1994525.04,C2059919874,1994525.04,0,C1227773063,337740.87,2332265.91,1
178,CASH_IN,206010.19,C824704554,4171222.97,4377233.16,C167175733,682863.34,476853.15,0
274,CASH_OUT,70753.9,C1421336308,70753.9,0,C1662149928,0,70753.9,1
329,CASH_OUT,324609.22,C48679493,82113,0,C1808999386,344347.01,668956.24,0
131,CASH_OUT,20304.22,C1930596174,31432,11127.78,C1930946430,12100.36,32404.59,0
346,CASH_OUT,238275.17,C1235357795,12369,0,C322699543,0,238275.17,0
301,TRANSFER,11997957.55,C1220505915,0,0,C845355332,12447196.39,24445153.94,0
269,TRANSFER,32527,C1930526816,32527,0,C1608920091,0,0,1
625,TRANSFER,2654302.46,C286057800,2654302.46,0,C1593401972,0,0,1
279,CASH_OUT,53741.78,C1216165942,277,0,C1581250079,321124.17,374865.95,0
304,PAYMENT,20246.79,C1603693549,30244,9997.21,M630119081,0,0,0
40,CASH_OUT,2757431.53,C82669876,2757431.53,0,C1462250062,0,2757431.53,1
376,PAYMENT,5038.94,C124093913,2662,0,M236380448,0,0,0
37,CASH_IN,221420.51,C1752136098,6648016.21,6869436.72,C1638895667,1042561.5,821141,0
37,CASH_OUT,49194.93,C1983097959,20683,0,C1930409721,942001.33,991196.27,0
212,TRANSFER,1947807.58,C1501311535,1947807.58,0,C37561886,0,0,1
395,CASH_OUT,195279.32,C1322816091,8034,0,C783744142,0,195279.32,0
249,PAYMENT,17555.22,C171525442,0,0,M1535177085,0,0,0
13,PAYMENT,5792.93,C103146240,546442.48,540649.55,M1359357466,0,0,0
136,CASH_IN,48255.07,C1499351231,115997,164252.07,C1917096968,106891,0,0
462,CASH_OUT,1433038.32,C994987867,1433038.32,0,C725098002,116466.92,1549505.24,1
29,TRANSFER,268641.82,C775733773,268641.82,0,C2121303056,0,0,1
313,CASH_IN,133241.13,C826706971,10843787.86,10977028.98,C1434976223,346080.19,212839.07,0
178,CASH_IN,223982,C1420957751,540,224522,C2015873709,47833.81,0,0
618,CASH_OUT,114483.78,C934338438,114483.78,0,C209796396,780631.49,895115.27,1
140,CASH_OUT,167695.02,C247783356,0,0,C801789069,3615591.51,3783286.52,0
19,CASH_OUT,112960.15,C1894242923,0,0,C1883201664,745526.21,858486.36,0
137,CASH_OUT,173404.28,C820833997,16728,0,C64453840,1366828.92,1540233.19,0
595,PAYMENT,5733.6,C1127215034,20870,15136.4,M1967813045,0,0,0
659,TRANSFER,1467987.57,C2035870900,1467987.57,0,C1336055115,0,0,1
305,PAYMENT,7166.88,C282678300,0,0,M1187155534,0,0,0
293,TRANSFER,234673.76,C954355337,234673.76,0,C669925274,0,0,1
284,CASH_OUT,182034.1,C1772283734,5629,0,C270165889,1102844.57,1284878.68,0
350,CASH_OUT,476250.64,C982185485,0,0,C1074936357,747409.18,1223659.82,0
38,PAYMENT,16485.97,C2139368373,20859,4373.03,M1765485309,0,0,0
163,CASH_OUT,109480.44,C462695952,35608,0,C315161875,414605.48,524085.92,0
165,TRANSFER,203737.03,C1160392233,0,0,C375207823,316220.57,519957.6,0
136,PAYMENT,8215.62,C1034173103,118490.28,110274.66,M1840715486,0,0,0
239,TRANSFER,213399.85,C1387993569,94501,0,C451731094,4928202.9,5141602.75,0
180,CASH_OUT,37891.64,C1250668520,52001,14109.36,C385864067,0,37891.64,0
301,PAYMENT,11449.81,C1815524342,4553,0,M499800136,0,0,0
237,CASH_OUT,3924102.18,C390716812,3924102.18,0,C1387545582,0,3924102.18,1
613,CASH_OUT,86002.09,C1363187770,86002.09,0,C1320785064,0,86002.09,1
398,CASH_IN,262917.64,C518996260,25980345.26,26243262.9,C220535284,3741515.58,3478597.94,0
250,TRANSFER,177217.55,C1034306839,177217.55,0,C1979293202,0,0,1
380,PAYMENT,7519.23,C1232628334,0,0,M1236920019,0,0,0
324,CASH_OUT,319367.56,C164103658,0,0,C2136439956,6131953.85,6451321.41,0
274,TRANSFER,2274566.61,C1462703827,2274566.61,0,C961774996,0,0,1
11,CASH_IN,285632.03,C886783925,52243.71,337875.74,C132676069,0,0,0
231,CASH_OUT,34975.52,C684154463,0,0,C201839570,39898.14,74873.66,0
250,CASH_OUT,138087.54,C434497157,0,0,C24499971,384299.2,522386.74,0
229,CASH_IN,408068.76,C485981082,3020954.94,3429023.71,C923350226,3993259.28,3585190.52,0
33,TRANSFER,3295227.84,C1152596026,3295227.84,0,C1976114093,0,0,1
374,CASH_IN,140663.68,C109666985,1668554.71,1809218.39,C909339526,2616084.57,2475420.88,0
95,PAYMENT,5288.94,C100748696,420603,415314.06,M1837631995,0,0,0
254,TRANSFER,510053.3,C273379425,7526,0,C1747249204,400324.71,910378.01,0
331,CASH_OUT,226323.76,C1505711421,0,0,C870958103,233062.73,459386.48,0
229,CASH_OUT,40449.91,C64703244,0,0,C2046067172,3027081.91,3067531.82,0
356,TRANSFER,2590333.97,C2060551157,0,0,C2012026808,2859656.03,5449990,0
568,CASH_OUT,32521.24,C2134024588,32521.24,0,C492914405,327985.18,360506.42,1
705,TRANSFER,404394.04,C57037472,404394.04,0,C149688378,0,0,1
284,PAYMENT,1531.71,C1217007,22881,21349.29,M1045046847,0,0,0
153,TRANSFER,349024.1,C137691211,0,0,C282709601,462657.37,811681.47,0
277,PAYMENT,9115.76,C1199002314,56532,47416.24,M1409545519,0,0,0
408,CASH_OUT,66692.96,C1119962034,118786.11,52093.15,C1249432690,212349.43,279042.39,0
374,CASH_OUT,330061.88,C160143945,147693,0,C747060590,0,330061.88,0
605,CASH_OUT,269692.53,C165949141,269692.53,0,C895796754,2248741.77,2518434.3,1
41,TRANSFER,1028852.71,C1719409828,20246,0,C1121929205,1041815.86,2070668.57,0
14,PAYMENT,17541.6,C884796861,12954.7,0,M1690394567,0,0,0
41,PAYMENT,6181.62,C1048769357,0,0,M1849526991,0,0,0
493,PAYMENT,25460.43,C619521666,29776,4315.57,M1637783590,0,0,0
71,TRANSFER,91691.75,C1715084286,91691.75,0,C415375205,0,0,1
692,CASH_OUT,349619.91,C925944949,349619.91,0,C345169466,1472559.62,1822179.54,1
330,PAYMENT,3227.2,C251085802,14432,11204.8,M940387582,0,0,0
255,CASH_OUT,229110.92,C1483105591,19919,0,C532804043,0,229110.92,0
203,PAYMENT,8179.11,C1765144598,17830.46,9651.35,M1023735833,0,0,0
18,TRANSFER,35902.8,C1614007507,0,0,C1532927205,337143.87,373046.67,0
413,TRANSFER,115085.31,C2039186549,115085.31,0,C544794295,0,0,1
581,CASH_OUT,155002.83,C1511917182,155002.83,0,C30026767,0,155002.83,1
373,CASH_OUT,117249.99,C532967631,26105,0,C1557221720,30435.45,147685.44,0
11,CASH_IN,737.14,C646250679,10386423.56,10387160.7,C807931439,356168.96,786350.58,0
9,CASH_OUT,11308,C921533797,11308,0,C424669538,0,302550.56,1
11,CASH_OUT,253979.48,C1143276839,10760,0,C403130913,468545.46,722524.93,0
402,PAYMENT,2128.4,C1082160362,20915,18786.6,M1376374155,0,0,0
140,CASH_OUT,121730.94,C993704638,0,0,C1432374808,152165.16,273896.1,0
351,CASH_IN,244570.35,C652005273,7453074.43,7697644.78,C592302987,281401.13,36830.78,0
352,PAYMENT,15814.75,C1746698240,16598.66,783.91,M1142899698,0,0,0
156,CASH_IN,281416.71,C976415246,1656908.63,1938325.34,C746452317,543485.66,262068.96,0
21,CASH_OUT,193646.85,C1308872720,0,0,C450391449,1584289.82,1777936.67,0
187,PAYMENT,2300.06,C1563963083,20483,18182.94,M70769724,0,0,0
694,TRANSFER,174107.36,C1167176851,174107.36,0,C1633521068,0,0,1
179,CASH_IN,125934.36,C1254519154,3898456.38,4024390.74,C2049999068,1080497.89,954563.53,0
175,TRANSFER,895565.06,C1046781112,895565.06,0,C556777856,0,0,1
140,CASH_OUT,67961.6,C372032909,24415,0,C311451428,18005.9,85967.5,0
497,CASH_OUT,10000000,C25889412,10000000,0,C1671906752,714460.87,10714460.87,1
505,TRANSFER,2251225.38,C1960849749,2251225.38,0,C785239841,0,0,1
381,PAYMENT,10215.92,C792171575,127247.2,117031.29,M1032442072,0,0,0
193,CASH_OUT,660746.19,C1149059890,660746.19,0,C777809380,935791.84,1596538.03,1
132,PAYMENT,20034.79,C1908281570,0,0,M1818727899,0,0,0
565,PAYMENT,39406.65,C992727914,51378,11971.35,M874042760,0,0,0
393,CASH_OUT,151597.36,C1192750895,0,0,C550567230,3082085.02,3233682.38,0
351,PAYMENT,16227.49,C256121262,484040.32,467812.83,M443961448,0,0,0
380,PAYMENT,16050.32,C264265832,24360.73,8310.41,M948002841,0,0,0
161,CASH_OUT,149869.26,C1144525215,50856,0,C1583635380,223911.52,651220,0
350,CASH_IN,57762.33,C312871744,1759654.6,1817416.92,C1824834108,8685684.56,8627922.23,0
308,CASH_OUT,169865.86,C153671808,0,0,C2028831881,2824398.58,2994264.44,0
372,CASH_OUT,124885.22,C414002088,0,0,C1634702191,11406286.43,11531171.65,0
234,CASH_OUT,450489.27,C745977891,450489.27,0,C1398681592,122047.64,572536.91,1
518,CASH_OUT,43188.32,C1091589527,4288,0,C1481157081,0,43188.32,0
41,TRANSFER,523111.11,C1112254209,0,0,C1776207726,1583965.36,2107076.47,0
230,CASH_IN,35576.03,C1017558428,2907725.04,2943301.06,C415728486,1743359.67,1707783.64,0
282,PAYMENT,6964.41,C176649818,2716,0,M1331578374,0,0,0
203,CASH_OUT,147803.6,C1466310333,73820,0,C1447041383,249358.35,397161.96,0
74,TRANSFER,158489.29,C1694745551,158489.29,0,C43669214,0,0,1
401,CASH_IN,161602.67,C1322284840,15363495.48,15525098.15,C1756985818,662065.18,500462.51,0
210,CASH_IN,72955.07,C449186636,12177753.68,12250708.75,C1158900486,1868927.57,1795972.5,0
306,PAYMENT,12395.85,C1071419155,51213.96,38818.11,M279900842,0,0,0
323,PAYMENT,16214.77,C296177121,0,0,M1208843460,0,0,0
136,CASH_OUT,141564.32,C560156783,21134,0,C893680055,0,141564.32,0
398,CASH_OUT,183192.17,C1664693691,0,0,C2100987310,1119959.19,1303151.36,0
282,CASH_IN,102772.84,C1009756239,2665125.64,2767898.47,C1163135915,7745583.52,7642810.68,0
477,CASH_OUT,9639524.7,C560583390,9639524.7,0,C1975522590,0,9639524.7,1
138,PAYMENT,5123.5,C1483135498,0,0,M1438165652,0,0,0
41,CASH_OUT,155399.19,C2034590497,28563,0,C505214781,0,155399.19,0
186,CASH_OUT,324633.29,C180488500,0,0,C831074981,4240563.47,4565196.77,0
189,CASH_OUT,181004.5,C1779751495,376292,195287.5,C1548041970,0,181004.5,0
275,PAYMENT,5936.51,C96074906,111765.06,105828.55,M381328609,0,0,0
401,PAYMENT,9813.34,C725327109,0,0,M2072033007,0,0,0
394,CASH_OUT,167945.85,C1802935028,0,0,C272576449,12556946.77,12724892.62,0
253,TRANSFER,168455.76,C1968388309,168455.76,0,C752698440,0,0,1
256,PAYMENT,10449.98,C2045081335,0,0,M1240199026,0,0,0
619,TRANSFER,595854.2,C1100776599,595854.2,0,C385080311,0,0,1
139,CASH_OUT,141514.6,C1683709011,61433,0,C460451653,727484.96,868999.56,0
140,CASH_OUT,16191.62,C1345537470,2537,0,C857266323,126367.01,142558.63,0
308,PAYMENT,2536.11,C520115077,0,0,M1951833073,0,0,0
503,CASH_OUT,251683.05,C1957817562,251683.05,0,C1713552362,0,251683.05,1
334,CASH_IN,198887.55,C1769074270,7453814.02,7652701.56,C1896999135,737163.77,538276.22,0
596,PAYMENT,14139.44,C437875601,535559.62,521420.18,M57656214,0,0,0
281,TRANSFER,2554662.97,C325102191,2554662.97,0,C1742243055,0,0,1
178,PAYMENT,816.44,C1151241925,0,0,M790365881,0,0,0
687,CASH_IN,273427.82,C865976802,1517274.09,1790701.91,C314337396,2998807.06,2725379.24,0
355,CASH_IN,186434.64,C976869706,703,187137.64,C2103075408,0,0,0
251,CASH_OUT,347312.7,C152341781,53075,0,C302470299,1217617.08,1564929.78,0
403,PAYMENT,17080.78,C1684186421,0,0,M274039442,0,0,0
161,CASH_OUT,263270.68,C28504171,92686,0,C2010431707,0,263270.68,0
262,TRANSFER,201281.36,C1271087457,201281.36,0,C1017401472,0,0,1
404,TRANSFER,540914.12,C935920556,540914.12,0,C332143191,0,0,1
542,TRANSFER,5166393.44,C1707763066,5166393.44,0,C190447545,0,0,1
131,CASH_OUT,324731.73,C301142793,23151,0,C681107717,0,324731.73,0
43,CASH_IN,7315.19,C2108110314,117907,125222.19,C1842555974,0,11887.62,0
167,PAYMENT,1464.13,C340132482,60483,59018.87,M1065400251,0,0,0
141,PAYMENT,3844.42,C1562103626,1730,0,M614363123,0,0,0
281,CASH_OUT,91689.77,C868153743,513054,421364.23,C1006320918,0,91689.77,0
183,PAYMENT,20277.79,C477543702,31381,11103.21,M2145937758,0,0,0
80,TRANSFER,244814.12,C2138181348,244814.12,0,C1608735206,0,0,1
285,PAYMENT,4308.23,C1509435543,21679,17370.77,M2098583067,0,0,0
113,TRANSFER,1636403.22,C14417080,1636403.22,0,C1609424366,0,0,1
95,PAYMENT,23709.5,C1582490434,38254,14544.5,M1078050780,0,0,0
136,CASH_OUT,256494.2,C65129899,0,0,C219076415,370828.82,627323.02,0
275,PAYMENT,1604.03,C1063742446,210409,208804.97,M1299009178,0,0,0
404,CASH_OUT,25634.56,C755980216,0,0,C1368955366,203974.01,229608.56,0
527,TRANSFER,271562.24,C1256644406,0,0,C1471875611,2934954.49,3206516.74,0
16,CASH_OUT,341986.68,C1603168738,0,0,C1569736723,810210.16,1525083.7,0
309,CASH_OUT,86225.56,C1926045395,0,0,C1129635883,135005.87,221231.43,0
332,PAYMENT,12155.9,C1537789158,0,0,M1770622984,0,0,0
353,PAYMENT,5476.18,C660775947,31238,25761.82,M424360328,0,0,0
355,CASH_IN,422018.23,C1274268347,42596,464614.23,C1430543710,5966582.95,5895065.75,0
330,CASH_OUT,370848.51,C1420965573,9940,0,C1854841307,398546.68,769395.19,0
133,PAYMENT,29175.35,C1687143541,40169,10993.65,M95427430,0,0,0
161,CASH_OUT,60111.05,C1278507213,0,0,C1794985101,112552.07,172663.12,0
161,TRANSFER,10000000,C831325954,11336901.11,1336901.11,C1166671647,0,0,1
139,CASH_OUT,53119.93,C1460811259,0,0,C1707757185,624345.02,677464.95,0
130,TRANSFER,49028.96,C1672583834,0,0,C79282252,459789.92,508818.88,0
207,CASH_OUT,263204.99,C1816000664,9509,0,C122650142,625898.64,889103.63,0
202,CASH_IN,141892.33,C1200707677,40242,182134.33,C2111438828,0,0,0
280,PAYMENT,3560.03,C1563990563,50226,46665.97,M4506020,0,0,0
352,PAYMENT,17647.97,C1279016779,0,0,M2025094125,0,0,0
124,TRANSFER,1399637.19,C2129900930,1399637.19,0,C1804261014,0,0,1
415,CASH_OUT,461369.99,C2081855471,461369.99,0,C1671232989,2572575.13,3033945.11,1
373,CASH_OUT,303300.92,C1862315877,0,0,C2085860326,8450911.44,8754212.35,0
310,CASH_OUT,13846.15,C2033769078,644537,630690.85,C1497868476,0,13846.15,0
19,PAYMENT,12025.48,C754656244,41888.31,29862.84,M1624765958,0,0,0
279,DEBIT,1164.9,C701488017,107485,106320.1,C2115233568,1527268.42,1528433.32,0
329,CASH_IN,404770.93,C489058843,31400,436170.93,C1494859130,269953.19,0,0
207,PAYMENT,22036.15,C494256374,105809,83772.85,M615269591,0,0,0
348,PAYMENT,14129.62,C1039011344,9301,0,M1034435203,0,0,0
399,CASH_OUT,1442075.9,C2135299801,1442075.9,0,C266594026,168728.6,1610804.5,1
229,TRANSFER,38580.45,C715571167,38580.45,0,C650699445,0,0,1
138,PAYMENT,22279.86,C2076981856,198916,176636.14,M992493046,0,0,0
181,CASH_OUT,278732.6,C109090968,32149,0,C400654029,2420893.86,2699626.46,0
681,TRANSFER,807466.16,C1365547819,807466.16,0,C1383531200,0,0,1
396,CASH_IN,98119.99,C2137240372,1823929.94,1922049.93,C464117087,3388555.85,3342996.29,0
385,TRANSFER,617882.66,C1190371489,617882.66,0,C371320047,0,0,1
371,CASH_IN,166690.54,C168198490,10432269.12,10598959.66,C1124954842,2005032.97,1838342.43,0
131,PAYMENT,853.36,C1116091809,1062,208.64,M1134990203,0,0,0
544,CASH_IN,82914.11,C1280643460,11220,94134.11,C1261771408,373996.4,291082.29,0
594,DEBIT,1271.01,C778649018,1881,609.99,C1891715634,2573079.77,2574350.78,0
111,CASH_OUT,98692.72,C982480526,98692.72,0,C1665025289,67599.16,166291.88,1
444,CASH_OUT,3752520.6,C1674281831,3752520.6,0,C590901753,1255946.49,5008467.09,1
179,PAYMENT,3478.18,C1698571270,19853,16374.82,M643984524,0,0,0
161,PAYMENT,10615.04,C1666038593,39125.36,28510.31,M127990292,0,0,0
262,CASH_OUT,13845.29,C1559714086,0,0,C1864943711,2477960.52,2491805.8,0
522,TRANSFER,3635328.11,C743822679,10436,0,C1534408959,273252.13,3908580.24,0
161,CASH_OUT,622908.71,C1723543729,0,0,C1369133459,923855.87,1646545.59,0
324,DEBIT,1540.99,C364421075,20257,18716.01,C1068273287,57733.69,59274.68,0
129,PAYMENT,2139.84,C582377956,0,0,M1505994595,0,0,0
227,CASH_OUT,146708.16,C615563680,31403,0,C1229963378,746086.44,892794.59,0
211,PAYMENT,1967.51,C2016779189,281,0,M2104952361,0,0,0
160,TRANSFER,1284959.39,C1764461949,1284959.39,0,C160976870,0,0,1
328,CASH_OUT,95549.82,C590201870,0,0,C1753221242,268940.74,364490.56,0
8,PAYMENT,16693.07,C772345783,10200,0,M2111683444,0,0,0
285,PAYMENT,4792.22,C1060139357,13286,8493.78,M1626146586,0,0,0
321,CASH_OUT,286112.21,C1117833251,13374,0,C975413223,3765428.2,4051540.41,0
298,CASH_OUT,233476.59,C1639181399,0,0,C758064437,600183.95,833660.53,0
14,CASH_OUT,10840.78,C210299714,240516,229675.22,C2143761019,9273,20113.78,0
36,CASH_OUT,270566.57,C300451543,6494,0,C35275622,0,586645.37,0
177,PAYMENT,5499.69,C1484961754,16166,10666.31,M641546296,0,0,0
285,CASH_IN,329288.85,C273255522,9485484.29,9814773.14,C1016060070,1540755.64,1211466.79,0
239,CASH_IN,180208.86,C352228189,31942,212150.86,C604688420,237382.41,57173.55,0
327,PAYMENT,41142.36,C1802784867,10267,0,M1122848658,0,0,0
273,CASH_IN,141372.22,C1556023750,125075,266447.22,C259274469,2008870.08,1867497.85,0
426,PAYMENT,11631.53,C2100330771,0,0,M1848185601,0,0,0
303,CASH_IN,137070.41,C1565462520,8792,145862.41,C1873997006,151658.24,14587.82,0
37,CASH_OUT,51265.97,C305510989,0,0,C995184274,87767.73,139033.7,0
323,TRANSFER,1140474.16,C814253081,0,0,C1500998589,3434546.68,4575020.84,0
394,PAYMENT,8698.57,C1407139053,0,0,M655583214,0,0,0
158,PAYMENT,9117.31,C1797493116,308153,299035.69,M310745710,0,0,0
258,CASH_IN,87999.13,C1340160039,5084256.68,5172255.81,C848292007,11698441.45,11725918.02,0
158,PAYMENT,18693.88,C1647758006,0,0,M1304028356,0,0,0
323,PAYMENT,2136.11,C2009514257,550023.88,547887.77,M601087520,0,0,0
251,CASH_OUT,118105.95,C1642294930,17071.01,0,C644948876,439941.66,558047.61,0
4,CASH_OUT,169941.73,C2026325575,169941.73,0,C1394526584,0,169941.73,1
180,PAYMENT,3649.81,C94148084,81953,78303.19,M473382272,0,0,0
10,PAYMENT,3950.45,C1359750083,0,0,M2117228884,0,0,0
232,PAYMENT,13070,C2117667677,638492.51,625422.51,M1167485331,0,0,0
540,CASH_OUT,47481.9,C1703320349,0,0,C743882634,744897.64,792379.54,0
42,PAYMENT,885.14,C822865010,553896.29,553011.15,M125131831,0,0,0
395,PAYMENT,46627.9,C680062523,0,0,M585375996,0,0,0
540,PAYMENT,697.12,C280251012,27062,26364.88,M778773777,0,0,0
351,PAYMENT,20155.01,C2013777838,7179,0,M1403148045,0,0,0
332,PAYMENT,17678.74,C303909630,0,0,M1540992892,0,0,0
257,PAYMENT,5556.96,C523060674,10027,4470.04,M1608456988,0,0,0
332,PAYMENT,7419.61,C2009251127,25329,17909.39,M911681856,0,0,0
12,PAYMENT,20419.19,C845225874,1830,0,M2029635494,0,0,0
40,CASH_OUT,58143.88,C31933511,141514,83370.12,C1204141754,0,58143.88,0
17,CASH_OUT,85180.51,C1263273010,0,0,C1224081716,439358.55,783681.46,0
17,PAYMENT,20797.16,C1914597256,0,0,M1035101072,0,0,0
688,PAYMENT,17837.01,C201129268,21892,4054.99,M1395623690,0,0,0
240,PAYMENT,12492.84,C320540298,468.22,0,M1238329933,0,0,0
355,CASH_OUT,138340.69,C1296390600,58350.59,0,C203735676,687441.78,825782.46,0
330,PAYMENT,42108.41,C2027418549,0,0,M725931672,0,0,0
397,PAYMENT,6340.43,C1268913839,0,0,M134711219,0,0,0
183,PAYMENT,23965.21,C427901435,0,0,M2073368989,0,0,0
34,CASH_OUT,4740.25,C567587096,0,0,C9874612,486820.52,301703.03,0
20,TRANSFER,453595.03,C2060837063,0,0,C957639902,680669.24,1134264.27,0
163,CASH_IN,205114.46,C148286868,8831862.42,9036976.87,C716691592,315653.79,110539.34,0
305,CASH_OUT,258953.67,C1558605799,3617.29,0,C1732043491,509480.49,768434.16,0
235,CASH_OUT,260438.25,C953675090,0,0,C161208241,2752418.75,3012857,0
14,CASH_OUT,151318.29,C1859305647,320921.6,169603.31,C1403646239,217676.24,389548.7,0
353,PAYMENT,4425.8,C643919206,0,0,M388163040,0,0,0
187,CASH_OUT,1561.78,C584261404,0,0,C166243665,139168.9,140730.68,0
621,PAYMENT,388.04,C1360012913,5551,5162.96,M1760414180,0,0,0
40,CASH_OUT,205411.83,C497072993,0,0,C2053630851,276021.3,481433.12,0
205,TRANSFER,745735.54,C1517694265,40715,0,C1857059512,3734843.05,4480578.59,0
407,PAYMENT,37831.74,C654126465,157866.11,120034.36,M1683830194,0,0,0
161,TRANSFER,145582.83,C1747634582,70907,0,C1525913890,8502019.48,8647602.32,0
132,CASH_OUT,278300.03,C1917553000,1406,0,C1208018998,1656091.52,2141791.24,0
141,CASH_OUT,49906.17,C1400543251,0,0,C329210788,82202.35,132108.52,0
43,CASH_IN,225059.02,C1623001282,33585,258644.02,C90810322,4333189.33,4108130.31,0
303,CASH_OUT,152261.69,C1178641481,28149,0,C167768781,29106.78,181368.47,0
211,TRANSFER,902935.91,C2135972752,0,0,C140277928,15661691.47,16564627.39,0
39,PAYMENT,1555.53,C220455249,0,0,M1106104274,0,0,0
209,CASH_OUT,207248.12,C424344158,154265,0,C1930520384,49992.44,257240.56,0
211,PAYMENT,22161.32,C159497963,51785,29623.68,M1067867146,0,0,0
544,CASH_IN,104495.82,C682607485,1155328.81,1259824.64,C211078792,203639.32,99143.5,0
122,CASH_OUT,188249.17,C670393440,188249.17,0,C928566980,381115.19,569364.36,1
325,CASH_OUT,21050.76,C1426952231,0,0,C9351786,1753480.45,1774531.2,0
401,TRANSFER,137326.07,C1847319119,146,0,C543669175,1711516.43,1848842.5,0
464,CASH_OUT,1506795.1,C1504023425,1506795.1,0,C538717920,39851.76,1546646.86,1
299,CASH_IN,45786.65,C948497238,2476041.25,2521827.9,C2115634451,171283.58,125496.93,0
190,CASH_OUT,265747.73,C2046465313,265747.73,0,C1929273714,0,265747.73,1
321,PAYMENT,647.86,C537254855,20912,20264.14,M1113872265,0,0,0
592,CASH_OUT,369306.87,C131199741,369306.87,0,C1863134170,786338.72,1155645.58,1
157,CASH_OUT,16283.09,C155957415,46284,30000.91,C1104780579,9139.06,25422.15,0
255,CASH_OUT,286936.39,C2073713262,8339,0,C1841960813,947457.8,1234394.19,0
204,CASH_IN,89581.09,C1718542188,9224540.59,9314121.69,C1635706135,164425.4,74844.31,0
327,CASH_OUT,183375.33,C462713817,0,0,C1479107288,1660258.96,1843634.29,0
323,CASH_OUT,153817.51,C396010833,20235,0,C778059081,2250971.56,2404789.07,0
590,CASH_IN,47095.44,C1218969054,2121473.26,2168568.71,C1956578375,71385.47,24290.03,0
234,TRANSFER,264949.69,C1912538788,264949.69,0,C455997820,0,0,1
399,CASH_OUT,98094.55,C1268379677,0,0,C1751777083,970471.07,1068565.62,0
379,CASH_OUT,274751.1,C818489116,55268.44,0,C1710356912,0,274751.1,0
18,CASH_OUT,130995.67,C868342813,22168,0,C14376585,9897108.9,10028104.57,0
275,TRANSFER,58905.66,C1796650314,0,0,C423248942,196558.77,255464.43,0
348,CASH_IN,56873.58,C700458019,361,57234.58,C614974657,456302.71,399429.13,0
692,PAYMENT,25845.83,C1870187274,0,0,M1466188419,0,0,0
14,CASH_OUT,72053.03,C1482459206,0,0,C244401300,471628,499311.82,0
38,CASH_OUT,281738.13,C583840447,0,0,C1435763389,4976668.36,5258406.49,0
305,CASH_OUT,124718.38,C355629677,0,0,C1090103022,2482527.99,2607246.37,0
353,CASH_OUT,106987.51,C835177002,0,0,C1097151528,1279502.5,1386490,0
137,CASH_OUT,122768.43,C676486947,0,0,C1950201868,1471131.62,1593900.05,0
235,CASH_OUT,84709.85,C1545463754,62572.18,0,C622870452,2848932.61,2933642.46,0
136,PAYMENT,19998.58,C347924712,45657.39,25658.81,M550732771,0,0,0
154,PAYMENT,13019.82,C1782363498,0,0,M1763711061,0,0,0
277,CASH_OUT,239121.18,C2047697635,0,0,C53443461,250452.44,489573.62,0
499,TRANSFER,488243.65,C2117568077,488243.65,0,C1238599279,0,0,1
283,CASH_IN,113561.2,C1879880179,105110,218671.2,C1071907929,6733026.34,6619465.14,0
236,CASH_OUT,339547.49,C2063714614,211535,0,C1056670314,0,339547.49,0
285,CASH_OUT,117597.87,C629798614,196,0,C655204138,115057.08,232654.95,0
542,CASH_IN,145293.42,C1478317293,2980,148273.42,C1336195433,0,0,0
306,CASH_OUT,363791.66,C218134122,0,0,C984690571,784751.37,1148543.03,0
132,CASH_OUT,111341.32,C2089891434,367645.87,256304.56,C2030815369,544458.75,655800.07,0
234,CASH_OUT,97589.67,C1956097164,68,0,C278945481,194721.45,292311.11,0
321,CASH_IN,206351.02,C1516993897,101822,308173.02,C1542582371,540860.44,334509.42,0
251,TRANSFER,82112.74,C106888185,82112.74,0,C299512906,0,0,1
33,CASH_OUT,283431.2,C2012530411,0,0,C1184286050,2429401.59,2537184.13,0
162,CASH_OUT,268658.44,C1745660843,383897,115238.56,C299884411,552835.93,1458248.62,0
256,CASH_IN,314758.83,C1559836246,10791,325549.83,C1591568906,145219.51,0,0
253,PAYMENT,1948.37,C680996757,18736.09,16787.71,M1202888243,0,0,0
352,PAYMENT,1416.92,C41587712,172461.86,171044.94,M711951585,0,0,0
414,CASH_OUT,10000000,C2071282373,10000000,0,C803763593,0,10000000,1
625,TRANSFER,58924.16,C475096619,58924.16,0,C1365777468,0,0,1
12,CASH_IN,229149.99,C522478257,12482897.06,12712047.05,C580253253,1350348.22,1121198.23,0
275,PAYMENT,4914,C643376447,23008.62,18094.63,M529343290,0,0,0
162,CASH_OUT,183806.32,C691771226,19391,0,C1416312719,382572.19,566378.51,0
197,CASH_OUT,486060.16,C558066114,486060.16,0,C1244940749,0,486060.16,1
396,TRANSFER,1547877.98,C211699118,1547877.98,0,C1804433464,0,0,1
571,CASH_OUT,232279.22,C1595620818,345559,113279.78,C33964619,176388.32,408667.54,0
160,CASH_OUT,200330.14,C1416145951,387,0,C1538961175,3079166.74,3321302.8,0
141,TRANSFER,217365.58,C2112887318,0,0,C895445016,1493343.36,1710708.94,0
403,CASH_OUT,240544.11,C2094245074,15138,0,C1960835304,0,251507.08,0
16,PAYMENT,363.12,C2094421184,740530.27,740167.15,M1762969862,0,0,0
426,CASH_IN,283.6,C1811800344,5996440.38,5996723.97,C97261318,1696189.39,1695905.79,0
9,CASH_OUT,513625.95,C1611058489,12561,0,C794358930,17469.41,436980.32,0
525,CASH_IN,238942.83,C455049227,90397.78,329340.6,C1352148970,20791586.03,20552643.2,0
397,CASH_IN,80793.14,C1246751985,130496,211289.14,C1041898220,216790.66,135997.52,0
259,CASH_IN,66298.95,C482895817,60969,127267.95,C1783041640,0,0,0
37,CASH_IN,294938.98,C950802969,12348,307286.98,C1680148953,0,0,0
446,TRANSFER,311487.14,C1728700338,311487.14,0,C1489729408,0,0,1
379,CASH_OUT,17216.14,C2031058034,17216.14,0,C413925568,30730.87,47947.01,1
302,PAYMENT,21013.18,C749713553,0,0,M391493109,0,0,0
208,CASH_OUT,286574.6,C605472698,0,0,C1762253638,2121464.95,2408039.55,0
62,TRANSFER,722380.88,C1429215839,722380.88,0,C1401928307,0,0,1
307,CASH_OUT,318455.25,C962441880,0,0,C1362084448,1028202.44,1346657.69,0
378,CASH_OUT,68342.8,C1654473311,51719,0,C1856515353,637737.06,565812.34,0
232,PAYMENT,29289.25,C1972637311,0,0,M629236109,0,0,0
692,CASH_IN,166522.38,C1301567857,7658197.79,7824720.17,C310369016,177051.91,10529.53,0
461,CASH_OUT,1464614.79,C1138281794,1464614.79,0,C1873232780,0,1464614.79,1
277,CASH_OUT,112636.97,C824160459,1202.66,0,C782860253,152238.71,264875.68,0
397,CASH_OUT,52689.13,C2024128077,52689.13,0,C221905096,160085.29,212774.42,1
44,CASH_OUT,534255.94,C1829721095,534255.94,0,C991247178,24559,558814.94,1
205,TRANSFER,245694.84,C468833365,245694.84,0,C600157960,0,0,1
256,CASH_IN,328660.16,C792477295,24643605.65,24972265.81,C731951816,743203.72,414543.57,0
8,CASH_OUT,15808.02,C1311336999,0,0,C485423874,73507.28,89315.3,0
321,TRANSFER,203874.62,C926108639,203874.62,0,C1426041212,0,0,1
141,CASH_OUT,355207.55,C385645876,0,0,C457186627,3798910.78,4154118.32,0
178,PAYMENT,14691.54,C798186271,0,0,M1518291364,0,0,0
11,CASH_OUT,20037.82,C412966601,10834,0,C337958577,1514,22524.74,0
339,TRANSFER,373531.87,C1176876206,373531.87,0,C29820940,0,0,1
564,TRANSFER,337798.85,C1960512501,30763,0,C554326077,0,337798.85,0
207,CASH_OUT,175825.01,C26814107,0,0,C522619081,178594.62,354419.63,0
181,CASH_OUT,177428.9,C264300350,0,0,C335549037,1576412.12,1895754.26,0
45,CASH_OUT,53948.17,C2020484331,5512,0,C1147694436,178052.68,232000.85,0
179,CASH_OUT,258613.38,C1347660612,92053,0,C380478208,528441.11,787054.49,0
205,CASH_OUT,273064.49,C1151728006,0,0,C765127181,1288210.57,1561275.07,0
155,CASH_IN,230700.85,C567619720,151358,382058.85,C268435937,286582.53,55881.68,0
138,PAYMENT,1015.43,C1965186667,0,0,M666436118,0,0,0
355,CASH_OUT,384508.46,C293086250,0,0,C158816001,849846.93,1234355.39,0
186,PAYMENT,4.9,C1381665628,96062.26,96057.36,M1614509310,0,0,0
208,CASH_IN,78946.39,C484904026,91851,170797.39,C1036281200,428287.89,349341.5,0
11,CASH_OUT,226881.87,C925084569,19646.51,0,C1857906618,12250609.99,12477491.86,0
419,PAYMENT,42388.5,C440698513,1050,0,M361102205,0,0,0
233,CASH_OUT,321466.69,C838747610,10202,0,C1640780497,181277.37,502744.06,0
17,PAYMENT,3842.48,C1268829282,20043,16200.52,M509511895,0,0,0
137,PAYMENT,521.37,C203378011,0,0,M42773300,0,0,0
673,TRANSFER,645104.5,C986606051,645104.5,0,C175407589,0,0,1
212,PAYMENT,3545.07,C1963796757,198896.35,195351.28,M1527411282,0,0,0
402,TRANSFER,395304.31,C1320546635,0,0,C1376102895,552203.98,808222.77,0
206,PAYMENT,7284.29,C781383446,0,0,M896086023,0,0,0
349,CASH_IN,270519.08,C773045671,50,270569.08,C1966550578,781003.12,510484.04,0
352,CASH_OUT,165190.18,C149700008,0,0,C1334234817,1219248.52,1384438.7,0
588,PAYMENT,12660.87,C601648119,22812,10151.13,M903443856,0,0,0
229,PAYMENT,8649.51,C257818634,21067,12417.49,M1532526796,0,0,0
586,CASH_OUT,2581549.92,C648614053,2581549.92,0,C213455810,0,2581549.92,1
186,CASH_OUT,215151.03,C1689958171,0,0,C1694505402,605742.76,820893.79,0
236,CASH_OUT,41663.47,C77257572,0,0,C787781118,1702851.31,1744514.79,0
714,TRANSFER,10000000,C131412689,10390763.24,390763.24,C1846567377,0,0,1
372,CASH_OUT,171707.08,C1957233824,2035,0,C954297525,15259.32,186966.4,0
279,PAYMENT,24140.51,C732230407,0,0,M1419469115,0,0,0
400,CASH_OUT,122300.72,C1037963705,51484,0,C904159690,0,122300.72,0
420,CASH_OUT,1464160.5,C2024056212,1464160.5,0,C1653697681,462739.95,1926900.44,1
321,PAYMENT,24768.57,C677695730,21573,0,M1730854331,0,0,0
58,TRANSFER,7108914.22,C1494760088,7108914.22,0,C1835087777,0,0,1
16,CASH_IN,488423.21,C641285611,6867475.1,7355898.31,C1244839062,1360062.57,887756.45,0
15,CASH_OUT,10980.99,C1048331953,16032,5051.01,C2093777729,346728.3,416843.68,0
306,CASH_OUT,186551.83,C1073250576,60791,0,C1532048443,82330.27,268882.1,0
307,TRANSFER,988204.68,C958273270,0,0,C898232365,1826796.49,2815001.17,0
397,CASH_OUT,23164.18,C137191797,20734,0,C1389965148,1834872.55,1858036.73,0
111,CASH_OUT,3595911.39,C1877698691,3595911.39,0,C1757559397,82970.96,3678882.35,1
230,CASH_OUT,57023.97,C871057744,20982,0,C944801956,1004178.35,1061202.32,0
237,PAYMENT,21972.05,C1312469307,34625.52,12653.47,M1312070234,0,0,0
206,PAYMENT,1945.62,C180727854,19942,17996.38,M276985026,0,0,0
231,CASH_OUT,393456.7,C2032832581,1555,0,C2017937628,41056.34,434513.04,0
350,CASH_OUT,174925.63,C1614819401,0,0,C1492359254,7153501.13,7328426.76,0
135,CASH_IN,116940.06,C1210938791,8006023.41,8122963.47,C532834573,4174564.42,4057624.36,0
725,CASH_OUT,123259.24,C1350230812,123259.24,0,C1392776813,1175578.47,1298837.71,1
133,CASH_IN,56403.43,C1707134322,9206963.6,9263367.04,C1675553530,1477712.19,1421308.76,0
185,PAYMENT,8375.37,C1530026844,37895,29519.63,M863474603,0,0,0
327,PAYMENT,16017.72,C397527070,0,0,M2101782069,0,0,0
396,CASH_IN,519426.69,C881037104,16722458.72,17241885.4,C1102456557,4663069.38,4143642.69,0
460,CASH_OUT,1424002.7,C9486206,1424002.7,0,C2094181723,11407.5,1435410.19,1
274,CASH_IN,111704.72,C2143355930,5123536.54,5235241.26,C1477288069,695083.99,583379.27,0
228,CASH_IN,123235.38,C155122109,157225,280460.38,C672935174,108094.32,0,0
8,CASH_OUT,209164.1,C1605531542,0,0,C875761527,1300764.44,1238942.28,0
14,TRANSFER,185630.59,C208818014,412454.31,226823.72,C571113365,10615590.76,10524098.22,0
12,PAYMENT,17455.94,C1053203516,11155,0,M699926009,0,0,0
279,CASH_OUT,236757.45,C1317321440,0,0,C461072507,1117259.88,1354017.33,0
14,CASH_IN,356037.76,C105072403,214,356251.76,C358587851,0,0,0
211,CASH_OUT,229765.46,C2047188833,3683,0,C1047908899,0,229765.46,0
234,CASH_OUT,152046.3,C1833236526,91550.41,0,C1810800169,406602.59,558648.89,0
322,CASH_OUT,287307.77,C173052623,0,0,C2023077528,1069474,1356781.77,0
373,PAYMENT,1424.03,C1560103372,449229,447804.97,M1028222051,0,0,0
208,CASH_OUT,363240.27,C151502168,0,0,C1355706409,681084.43,1044324.7,0
253,TRANSFER,539510.01,C1566813757,11019,0,C1233229818,984887.79,1524397.8,0
648,CASH_OUT,774868.1,C1516959235,774868.1,0,C1812639726,131877.41,906745.51,1
382,CASH_OUT,79946.03,C1625569969,0,0,C1138675547,4842760.65,4922706.68,0
279,CASH_IN,113717.08,C611196015,4018082.21,4131799.29,C510971321,2988936.62,2875219.55,0
331,CASH_OUT,427503.76,C276800386,27624,0,C979759312,613947.4,1041451.16,0
120,CASH_OUT,544890.56,C1805538854,0,0,C583331228,2053719.23,2598609.79,0
347,PAYMENT,44357.36,C738555010,240,0,M1028522911,0,0,0
87,CASH_OUT,114339.1,C183849466,114339.1,0,C1798936808,41413.23,155752.33,1
189,PAYMENT,4640.44,C349939670,31844,27203.56,M1751570991,0,0,0
232,TRANSFER,40052.27,C1560599756,21440,0,C467089211,3766586.72,3806638.98,0
160,CASH_IN,95109.12,C1576560222,1010349.8,1105458.92,C406613212,513281.91,418172.79,0
204,CASH_OUT,47359.36,C1676236299,40442,0,C1215030565,14319003.32,14366362.68,0
16,CASH_IN,96067.45,C1233635498,1646219.8,1742287.24,C1667842955,130578.67,443125.3,0
325,TRANSFER,30846.84,C913635242,30846.84,0,C282425253,0,0,1
379,CASH_IN,30656.51,C141309778,8447254.69,8477911.2,C1449702309,1652056.45,1621399.93,0
373,CASH_IN,242030.09,C327968675,9325194.11,9567224.2,C1281055286,483873.6,241843.51,0
20,TRANSFER,448025.06,C1976637754,448025.06,0,C4020115,0,0,1
154,PAYMENT,1926.85,C1461463577,607,0,M1655432737,0,0,0
212,CASH_OUT,124020.34,C488333422,0,0,C617052356,2834177.14,2958197.48,0
613,TRANSFER,1892137.66,C1387416875,1892137.66,0,C1999528314,0,0,1
483,CASH_IN,73805.84,C907728986,7469788.39,7543594.23,C1944894800,425152.49,351346.65,0
33,CASH_OUT,53318.11,C1263773571,0,0,C588269406,412943.33,466261.44,0
397,CASH_OUT,70622.64,C869834696,0,0,C7760531,644400.31,715022.95,0
637,PAYMENT,2847.67,C1660954768,0,0,M1465429761,0,0,0
277,CASH_IN,82534.5,C425038418,773595.05,856129.55,C168874772,11292790.52,11210256.02,0
155,CASH_IN,247474.04,C1969899698,8366365.19,8613839.23,C590348726,2496597.69,2249123.65,0
382,CASH_IN,174230.84,C878569742,20723,194953.84,C1691115286,0,0,0
160,CASH_OUT,482259.95,C934027526,60794,0,C1849602029,5104609.18,5586869.14,0
173,CASH_OUT,176273.29,C14325153,176273.29,0,C856044772,0,176273.29,1
277,CASH_OUT,142668.71,C922371862,0,0,C2051193844,181472.99,324141.7,0
280,CASH_IN,9436.73,C1526028809,679092.57,688529.31,C1894075776,2993770.27,2984333.54,0
108,CASH_OUT,566142.89,C501067498,566142.89,0,C2079441909,1344558.46,1910701.34,1
39,PAYMENT,6136.09,C1584966889,219972.52,213836.44,M603628538,0,0,0
321,CASH_OUT,203874.62,C2016803098,203874.62,0,C1127806629,472690.19,676564.81,1
177,PAYMENT,1399.22,C1127218122,0,0,M1236368246,0,0,0
275,PAYMENT,11971.69,C1164296510,94298,82326.31,M405800689,0,0,0
41,DEBIT,819.35,C1148180455,274494,273674.65,C1736487027,923509.57,924328.92,0
237,CASH_OUT,87250.03,C1543275743,0,0,C139422286,2075912.87,2163162.9,0
170,TRANSFER,871893.15,C139567724,871893.15,0,C2000039513,0,0,1
301,PAYMENT,1810.14,C1988220199,0,0,M806673806,0,0,0
406,CASH_OUT,126192.63,C1660121126,126192.63,0,C39677871,0,126192.63,1
230,CASH_OUT,137722.35,C1840901933,0,0,C1064290559,654559.85,792282.2,0
660,CASH_OUT,14360.12,C808321528,14360.12,0,C314882858,8869218.72,8883578.84,1
581,TRANSFER,155002.83,C1691713014,155002.83,0,C71357990,0,0,1
182,PAYMENT,8772.84,C1295327703,31132,22359.16,M1454306842,0,0,0
15,CASH_OUT,710092.27,C1725934011,0,0,C2004450760,207111.72,645292.81,0
20,CASH_IN,89068.41,C1718185508,14740,103808.41,C1765616902,2990615.54,2901547.13,0
464,TRANSFER,336917.97,C1108270870,336917.97,0,C815315430,0,0,1
